{"cameraMode":{"drawMode":0,"name":"Shaded","section":"Shading Mode"},"sceneLighting":false,"audioPlay":false,"sceneViewState":{"showFog":true,"showMaterialUpdate":false,"showSkybox":true,"showFlares":true,"showImageEffects":true,"showParticleSystems":true},"in2DMode":false,"pivot":{"x":0.029607415199279786,"y":0.6145309209823608,"z":0.1154637336730957},"rotation":{"x":-0.07822521030902863,"y":0.9209298491477966,"z":-0.2897375822067261,"w":-0.24863876402378083},"size":0.953410804271698,"orthographic":false}