{"cameraMode":{"drawMode":0,"name":"Shaded","section":"Shading Mode"},"sceneLighting":false,"audioPlay":false,"sceneViewState":{"showFog":true,"showMaterialUpdate":false,"showSkybox":true,"showFlares":true,"showImageEffects":true,"showParticleSystems":true},"in2DMode":false,"pivot":{"x":0.2349146008491516,"y":0.2386193871498108,"z":-0.2927568554878235},"rotation":{"x":0.05475827679038048,"y":0.9442288279533386,"z":-0.25099292397499087,"w":0.2059989720582962},"size":1.253410816192627,"orthographic":false}