{"cameraMode":{"drawMode":0,"name":"Shaded","section":"Shading Mode"},"sceneLighting":false,"audioPlay":false,"sceneViewState":{"showFog":true,"showMaterialUpdate":false,"showSkybox":true,"showFlares":true,"showImageEffects":true,"showParticleSystems":true},"in2DMode":false,"pivot":{"x":-0.11703577637672425,"y":2.425537109375,"z":-0.3570833206176758},"rotation":{"x":0.01859336532652378,"y":-0.9810751676559448,"z":0.12277894467115402,"w":0.1485724151134491},"size":3.014192581176758,"orthographic":false}