{"cameraMode":{"drawMode":0,"name":"Shaded","section":"Shading Mode"},"sceneLighting":false,"audioPlay":false,"sceneViewState":{"showFog":true,"showMaterialUpdate":false,"showSkybox":false,"showFlares":true,"showImageEffects":true,"showParticleSystems":true},"in2DMode":false,"pivot":{"x":0.06531462073326111,"y":0.37865149974823,"z":-0.07239091396331787},"rotation":{"x":0.048060137778520587,"y":0.9402568340301514,"z":-0.3020298480987549,"w":0.14961710572242738},"size":1.699307918548584,"orthographic":false}