{"cameraMode":{"drawMode":0,"name":"Shaded","section":"Shading Mode"},"sceneLighting":false,"audioPlay":false,"sceneViewState":{"showFog":true,"showMaterialUpdate":false,"showSkybox":true,"showFlares":true,"showImageEffects":true,"showParticleSystems":true},"in2DMode":false,"pivot":{"x":-0.8163074254989624,"y":2.87241792678833,"z":-3.201106071472168},"rotation":{"x":0.00002190668965340592,"y":-0.9997053146362305,"z":0.0008977105608209968,"w":0.024293974041938783},"size":2.379404067993164,"orthographic":false}